<?xml version="1.0" encoding="UTF-8"?>
<project-private xmlns="http://www.netbeans.org/ns/project-private/1">
    <editor-bookmarks xmlns="http://www.netbeans.org/ns/editor-bookmarks/2" lastBookmarkId="0"/>
    <open-files xmlns="http://www.netbeans.org/ns/projectui-open-files/2">
        <group>
            <file>file:/Users/corinnekinzy/NetBeansProjects/Group%20Project%20Files/TitansProject/src/titansproject/Character.java</file>
            <file>file:/Users/corinnekinzy/NetBeansProjects/Group%20Project%20Files/TitansProject/src/titansproject/Race.java</file>
            <file>file:/Users/corinnekinzy/NetBeansProjects/Group%20Project%20Files/TitansProject/src/titansproject/TitansProject.java</file>
            <file>file:/Users/corinnekinzy/NetBeansProjects/Group%20Project%20Files/TitansProject/src/titansproject/AbilityScore.java</file>
            <file>file:/Users/corinnekinzy/NetBeansProjects/Group%20Project%20Files/TitansProject/src/titansproject/User.java</file>
        </group>
    </open-files>
</project-private>
