<?xml version="1.0" encoding="UTF-8"?>
<project-private xmlns="http://www.netbeans.org/ns/project-private/1">
    <editor-bookmarks xmlns="http://www.netbeans.org/ns/editor-bookmarks/2" lastBookmarkId="0"/>
    <open-files xmlns="http://www.netbeans.org/ns/projectui-open-files/2">
        <group>
            <file>file:/Users/corinnekinzy/NetBeansProjects/CPCS5000/Chapter%201/C3L1ComputerTester/src/c3l1computertester/Computer.java</file>
            <file>file:/Users/corinnekinzy/NetBeansProjects/CPCS5000/Chapter%201/C3L1ComputerTester/src/c3l1computertester/C3L1ComputerTester.java</file>
        </group>
    </open-files>
</project-private>
